{"cameraMode":{"drawMode":0,"name":"Shaded","section":"Shading Mode"},"sceneLighting":false,"audioPlay":false,"sceneViewState":{"showFog":true,"showMaterialUpdate":false,"showSkybox":false,"showFlares":true,"showImageEffects":true,"showParticleSystems":true},"in2DMode":false,"pivot":{"x":131.8707275390625,"y":5.938920021057129,"z":142.9488067626953},"rotation":{"x":0.2952975332736969,"y":-0.6873891353607178,"z":0.36735934019088747,"w":0.552578330039978},"size":32.15394973754883,"orthographic":true}