{"cameraMode":{"drawMode":0,"name":"Shaded","section":"Shading Mode"},"sceneLighting":false,"audioPlay":false,"sceneViewState":{"showFog":true,"showMaterialUpdate":false,"showSkybox":false,"showFlares":true,"showImageEffects":true,"showParticleSystems":true},"in2DMode":false,"pivot":{"x":0.000026702880859375,"y":-1.9568339586257935,"z":0.0},"rotation":{"x":0.2434614896774292,"y":0.2323600798845291,"z":-0.060198623687028888,"w":0.9397401213645935},"size":42.01334762573242,"orthographic":true}