{"cameraMode":{"drawMode":0,"name":"Shaded","section":"Shading Mode"},"sceneLighting":true,"audioPlay":false,"sceneViewState":{"showFog":true,"showMaterialUpdate":false,"showSkybox":true,"showFlares":true,"showImageEffects":true,"showParticleSystems":true},"in2DMode":false,"pivot":{"x":148.43299865722657,"y":13.805320739746094,"z":71.03700256347656},"rotation":{"x":-0.07210319489240647,"y":0.917068362236023,"z":-0.19402864575386048,"w":-0.3407926559448242},"size":9.248162269592286,"orthographic":true}