{"cameraMode":{"drawMode":0,"name":"Shaded","section":"Shading Mode"},"sceneLighting":true,"audioPlay":false,"sceneViewState":{"showFog":true,"showMaterialUpdate":false,"showSkybox":true,"showFlares":true,"showImageEffects":true,"showParticleSystems":true},"in2DMode":false,"pivot":{"x":159.5500030517578,"y":16.040000915527345,"z":85.33000183105469},"rotation":{"x":0.07016582041978836,"y":-0.9208565354347229,"z":0.19598571956157685,"w":0.3296810984611511},"size":14.557353019714356,"orthographic":true}