{"cameraMode":{"drawMode":0,"name":"Shaded","section":"Shading Mode"},"sceneLighting":true,"audioPlay":false,"sceneViewState":{"showFog":true,"showMaterialUpdate":false,"showSkybox":true,"showFlares":true,"showImageEffects":true,"showParticleSystems":true},"in2DMode":false,"pivot":{"x":126.38914489746094,"y":8.034271240234375,"z":150.57728576660157},"rotation":{"x":0.13058821856975556,"y":-0.8306614756584168,"z":0.21919594705104829,"w":0.49487513303756716},"size":20.289348602294923,"orthographic":false}